9.359062045,0.887968472,0
-4.733909941,5.392864428,0
5.276065431,-8.974956105,0
-4.759465062,5.308229087,0
-4.888537785,-2.928015942,0
-1.795336739,7.394518083,0
4.850383873,-9.314501249,0
8.320096993,3.859019589,0
-3.48815546,6.455552692,0
-5.400811977,-9.898513437,0
2.733627563,-10.31223834,0
1.599505651,-10.75244814,0
9.177505763,1.944808405,0
5.521733323,-8.844193886,0
1.191142951,-10.72785672,0
3.434781755,-0.973997816,0
-6.136866218,-0.238753492,0
-3.993455085,5.962668249,0
2.656922064,-10.45299236,0
-5.847299864,-0.856194487,0
-4.137828687,-3.518160658,0
2.128275963,1.560972509,0
3.855480107,7.465848062,0
-4.222014518,-10.43703036,0
7.845509806,4.502643363,0
-3.532181694,-3.898273974,0
3.294389159,-1.786081342,0
3.236257189,7.670168481,0
-3.054528758,-10.69856878,0
3.174353574,-1.904217575,0
2.520947031,1.348703395,0
3.819380854,-9.805947816,0
0.169300198,-4.650817629,0
5.673243562,-8.761479917,0
2.714099473,7.855970369,0
9.481994318,-0.343237433,0
3.446010445,-1.045569505,0
9.371934796,-2.990910519,0
1.285945884,8.048030295,0
3.328033752,-1.036345436,0
0.979492574,-10.6896218,0
5.366741542,6.709993861,0
7.09062369,5.498377987,0
4.455705529,-9.423803572,0
-0.490594993,7.904813318,0
9.590665475,-0.774128032,0
2.181418802,-10.43334229,0
9.364029272,-2.811773909,0
-6.241356759,2.184112799,0
7.538893686,-6.758163391,0
-2.920215425,-10.83928236,0
-3.583149208,-10.7049876,0
7.845987568,-6.28280443,0
-3.337705946,-10.58686097,0
-5.888471019,3.02271495,0
9.25865105,-3.347640956,0
3.287307062,-1.426978575,0
0.724157376,-10.80611654,0
-0.825112265,7.786783723,0
-6.012279714,2.839021994,0
-6.317433794,1.310352451,0
0.050901886,7.881743857,0
9.56872658,-0.80311697,0
-6.160665074,0.781864065,0
-1.867686219,7.408724337,0
-4.368054225,-3.357145752,0
-4.726781504,-10.20874259,0
-4.194497505,5.79036508,0
1.216607221,-10.78366424,0
9.617177544,-1.748632294,0
1.67541091,-10.67171624,0
-2.912051919,-10.71257573,0
6.554205357,-7.947015797,0
-3.055151768,6.939490645,0
-3.705495136,6.302820617,0
-1.863683814,7.434856019,0
0.108521408,-4.648354175,0
6.406367026,6.204997482,0
3.372736149,-0.175765284,0
1.697619345,7.907177181,0
-4.736400652,-2.951508343,0
7.740578031,-6.73852189,0
9.323927216,1.148529592,0
-3.395953221,-3.961023896,0
7.363402169,5.148027943,0
6.337304488,-8.084695206,0
-1.273206009,-4.695794388,0
0.283590691,-10.87753292,0
6.881969296,-7.604338283,0
8.284875924,-5.597421823,0
4.039317633,7.38417657,0
2.994758983,-10.24891164,0
0.732934831,-10.8555073,0
-3.854795467,-3.749022444,0
-2.411007454,7.083907473,0
-0.140039655,-10.88262999,0
3.262138635,0.203091693,0
7.18135699,-7.370419547,0
7.27164125,-7.111986332,0
3.787771301,7.493947416,0
-4.573971097,-3.103294895,0
-1.897796583,7.413164102,0
9.482975141,-2.22611208,0
-6.191913176,1.913162085,0
9.543457186,-1.735688609,0
1.742895253,1.781467726,0
1.171253753,-10.67735171,0
0.461095184,1.798607889,0
3.182025625,-2.113706989,0
9.321611174,-3.442137852,0
4.764750782,-9.239513646,0
-4.183759784,5.868952851,0
-1.169967905,-4.685968935,0
3.881000518,-9.855693317,0
1.831023032,-10.55626179,0
-2.862323307,-4.28752976,0
3.362752648,-10.11482288,0
-1.338703806,7.691975655,0
-3.812532906,-3.752633417,0
3.202120916,-10.17140147,0
-5.708536488,-1.62109907,0
-4.334093645,-10.34127437,0
1.524090956,7.964017147,0
-4.202868146,-3.459054772,0
-6.045448307,2.71317403,0
1.24552682,-10.66625612,0
-5.321353351,4.494161185,0
-1.001228267,7.659335145,0
-6.263558782,0.967717077,0
2.092242037,-10.61413,0
1.157716771,-10.73186687,0
-5.865005013,-1.081111619,0
-3.307909831,6.763254189,0
2.633946956,1.040715123,0
7.909478162,4.607272052,0
8.702800097,2.952071493,0
-5.383855814,-2.040622311,0
8.182071496,-5.987710035,0
8.102303101,4.170053131,0
9.46610723,0.726401142,0
-5.658487888,-1.527045567,0
-4.43126151,5.695158046,0
1.403633886,8.040095568,0
6.753376573,-7.781336294,0
5.281157051,-9.05948952,0
2.059600367,7.942284487,0
8.227275764,-5.74962675,0
-5.193426675,-10.013427,0
7.899657445,-6.475934926,0
-6.124210346,2.594317792,0
0.919782861,8.103338418,0
-2.89324229,-10.86908854,0
4.076708603,-9.798187725,0
-6.176446701,1.923489626,0
9.406292238,-2.677565773,0
4.083600215,7.426614955,0
-5.518002712,3.986764956,0
-2.598019693,7.030926391,0
6.170185909,-8.226423636,0
2.140935038,-3.679888595,0
0.292602071,-4.501575833,0
9.120775107,2.202690161,0
3.296408135,-1.347196959,0
-5.728515755,3.433435374,0
-3.858031859,-10.6047595,0
2.364942977,1.437839666,0
9.365449307,-2.99860506,0
0.174062335,-4.554519593,0
0.660962578,-4.384394077,0
4.324857645,-9.670385219,0
8.712044106,-4.957498199,0
-5.825503794,-1.301687238,0
2.567650192,7.920615162,0
3.398664658,-0.257453733,0
1.991775105,-3.598924491,0
2.189288429,-3.594039227,0
-5.826418138,-1.14058945,0
-2.225753139,-10.82585017,0
-2.701637564,-4.232265554,0
4.699407197,7.21319124,0
1.799412984,7.929326088,0
2.870238906,7.839692086,0
5.63360901,-8.732354037,0
3.647841369,7.47409244,0
9.48837203,0.105255179,0
-4.598983755,-3.165056732,0
-3.701397026,-10.58342555,0
9.675356761,-1.003138263,0
6.059587933,6.373889617,0
-4.557296092,-3.122345626,0
0.323143484,-10.82732184,0
4.002764544,7.48009413,0
7.259465241,-7.207311338,0
-3.645980327,-10.58361721,0
0.45642054,-10.83210706,0
-3.67099933,-3.79538917,0
-6.194722482,-0.158923566,0
5.01505736,-9.042064262,0
-3.072233475,6.806415084,0
0.605185167,8.008316322,0
-5.351730996,4.422156605,0
-2.249327575,-4.46365873,0
8.368906924,-5.592763693,0
7.027524485,-7.497230801,0
-3.371927873,6.557897713,0
3.278208573,-1.140820854,0
-6.144651019,-0.030222739,0
-6.165674698,0.776925661,0
8.395680179,-5.353143359,0
-0.510874472,-4.735542569,0
-6.186802991,2.109054346,0
3.967742725,-9.772839366,0
-3.084744141,6.817352888,0
-3.621066686,-10.57326989,0
8.636853023,-5.09470672,0
3.773798395,7.564240759,0
1.875265899,-10.57218729,0
-5.963910089,-1.044334868,0
-1.122410893,-11.02850872,0
1.333842015,7.953230148,0
5.762454865,6.589813981,0
0.930347727,-10.72166044,0
-5.776591363,3.740369745,0
2.594109149,7.923086546,0
-3.645710573,6.483565144,0
-3.834891055,6.166089049,0
7.543191713,4.786203249,0
1.29183566,8.040905642,0
1.47067582,-10.66830124,0
6.936329445,5.533416928,0
5.442271826,-8.774173223,0
7.903553083,4.387073945,0
8.084814151,-5.96991225,0
1.3470967,-10.70388091,0
-5.608430147,-1.725078081,0
-5.797203882,-1.522328767,0
4.018861471,7.375358853,0
7.436472691,-6.923342337,0
7.835442205,-6.529980634,0
2.917435138,-10.26615466,0
8.863911621,2.908796958,0
-4.738373308,5.361824686,0
9.293677305,-2.819765126,0
8.72887992,2.890873919,0
3.143875979,-10.11454438,0
-5.40642612,4.266132142,0
7.540652575,4.875990089,0
-5.962182736,-0.6255317,0
3.157394403,-2.387440519,0
9.267966294,-3.487267746,0
9.453622205,-2.152987112,0
9.024754625,2.189754003,0
9.485007349,0.687914963,0
0.224728621,8.029473249,0
8.404273887,-5.515809513,0
-1.168207774,-11.0048817,0
-4.391218357,5.598018851,0
8.553760042,3.406816345,0
4.918578021,-9.377528967,0
1.140140039,-10.7079759,0
2.321725008,-10.5339919,0
6.813025248,5.808198579,0
-2.854354596,6.978216485,0
2.561361676,7.803661175,0
9.192505372,-3.431417253,0
9.202309819,1.589422428,0
-2.463607825,-10.80621398,0
-2.388924332,-10.7361135,0
1.7879065,-3.805966213,0
-2.335573858,-10.80639458,0
4.732359218,-9.214532532,0
5.672303234,-8.609043168,0
9.454475937,-2.246670295,0
9.452118196,-1.822304387,0
9.512416204,-2.374042614,0
9.506686132,-2.49116559,0
4.045657593,-9.655963896,0
-3.511942518,-4.083083572,0
-5.815781907,-1.307075094,0
1.094007067,-4.18410421,0
3.274205613,-0.349598211,0
-5.564211823,4.083056154,0
-3.886367132,6.207166379,0
9.441005743,0.178280112,0
1.740921059,-3.87578518,0
-2.22965733,-4.563730416,0
4.615441937,-9.507500036,0
-0.628411776,-4.698796902,0
9.365005869,0.927219842,0
3.33623286,-0.068451259,0
5.783442106,-8.584811447,0
-3.87167666,-3.762438666,0
-1.84246824,7.524570875,0
3.684902467,-9.891785565,0
5.745933162,-8.698350816,0
8.744139085,-4.68558328,0
9.467915542,0.011021552,0
3.192353608,7.748162852,0
1.001542095,-4.329810175,0
1.54323488,7.93767867,0
3.008655761,-2.485763881,0
9.576216213,-1.951039775,0
-3.669805009,-4.003606631,0
-5.335509298,-2.302035809,0
-1.181030114,-4.727666451,0
0.334322418,8.066737816,0
-2.025931683,-10.91536344,0
-3.901298864,-10.50008209,0
9.391020666,0.576971687,0
9.482957387,-1.842358784,0
-6.350353179,0.781073985,0
0.622538729,1.806455392,0
-6.121978515,-0.345399043,0
9.494316752,0.29634454,0
-6.29765274,1.363499591,0
8.339789697,-5.550360693,0
2.454507193,-3.319429331,0
-2.369400996,-10.78986136,0
0.860465816,-4.383945539,0
7.816822407,4.45672993,0
9.307079008,1.072074993,0
-6.107457759,-0.262263976,0
0.123718365,-10.80889988,0
8.352635755,-5.378530295,0
-3.091889815,-4.225808735,0
-1.193684525,7.651615275,0
1.771906979,-10.65490662,0
3.803396203,7.637951835,0
5.842968437,-8.614588068,0
3.455715615,7.691667969,0
7.567548295,-7.00335538,0
8.367397006,3.69257257,0
8.784936316,-4.50893604,0
0.260803285,-4.618886698,0
-2.749788953,-10.77512653,0
6.459126955,6.072419554,0
1.921758304,-3.713281859,0
-3.839072563,6.243716195,0
6.942235951,-7.373111347,0
9.536442709,-2.259072504,0
-5.671059396,-1.434418168,0
-6.186947869,1.741429463,0
0.347280137,8.049853832,0
-0.198161418,-10.84681579,0
-6.128298764,2.363742864,0
-4.142249021,5.849325898,0
-1.198399204,-4.627740546,0
-5.264269606,-2.242328952,0
5.452581986,-9.023503658,0
-2.565953352,-10.84294706,0
0.107541612,-4.700292681,0
6.580278299,-7.938882898,0
-5.283815768,4.313825029,0
9.084272765,2.020002925,0
-2.070254576,-4.575830743,0
2.265891528,-3.441763952,0
8.429465787,3.559356116,0
3.243026444,-1.713814364,0
-3.45312474,-10.71918094,0
2.757838392,7.849904877,0
4.501004251,7.291146518,0
7.666576309,4.808493256,0
4.092912705,7.395730646,0
2.083943278,1.566907273,0
-5.878954485,-1.148985489,0
2.764564501,7.93245219,0
-2.699110861,-4.362760843,0
9.578445821,-0.116902027,0
-4.632242423,-10.2691636,0
9.492629178,-1.472684242,0
3.689007084,7.65524768,0
-3.798057037,-3.69849991,0
-5.699017927,3.833193484,0
-5.312131244,4.412094752,0
-6.288500777,1.136343094,0
1.825849792,-10.59811295,0
8.176401021,-6.020009855,0
8.109556206,4.08540781,0
4.358931874,7.3798037,0
-0.928158552,-4.674162026,0
-2.939710323,-4.237689802,0
-0.041368112,8.0241657,0
0.306805203,-10.8154402,0
3.332246644,7.737050229,0
5.434408163,6.874522015,0
6.4236043,6.095270955,0
-2.79408763,-4.352004204,0
-3.018926874,6.766053735,0
-3.744270216,-10.52504426,0
-3.678507303,-3.80941258,0
7.56312681,-6.80068592,0
-4.377281865,5.876812322,0
-2.893323843,-10.69265566,0
-5.119504645,-10.02519085,0
3.753730045,7.580846319,0
9.376017184,-3.164460539,0
5.808571746,6.553868822,0
0.765849432,-4.471317353,0
-6.078403557,2.088913608,0
3.377917388,-1.606158289,0
4.343603811,7.199621861,0
-4.87188318,5.100319994,0
7.989709272,-6.156942582,0
6.037955741,6.379202675,0
-5.044367217,4.754166932,0
-5.979962045,2.73542174,0
6.351527811,-8.048573185,0
0.818167087,-4.363864911,0
9.201453303,-3.457817337,0
2.025802091,-10.47317212,0
-5.961837225,-1.05904048,0
3.355022723,-1.513347857,0
1.568317445,-4.160313814,0
5.633016388,-8.775815017,0
2.839230537,-10.22548215,0
2.506550084,1.253103477,0
9.602769197,-0.277834613,0
-1.875464074,-10.90576275,0
-5.688759039,4.027014576,0
-6.236039348,2.11449379,0
2.712723527,-10.4337789,0
3.325264754,7.685749306,0
-4.710630742,-10.24118149,0
-5.158019731,4.824385345,0
-0.129355475,-4.569354921,0
3.485393217,-0.99465156,0
-6.140106206,-0.007175854,0
9.476537753,-2.688470606,0
2.613827186,-3.090634712,0
-6.095514044,-0.095284012,0
-2.93603076,-10.82725775,0
-4.116452577,5.96792351,0
1.702400294,1.809064734,0
-2.883921293,-10.81621364,0
8.392138764,3.455689503,0
-5.759596602,3.616538258,0
6.17775913,-8.26644632,0
-4.097558812,6.093981964,0
-4.365146602,5.806829467,0
6.999859813,5.489305066,0
4.477505745,-9.525736141,0
4.350988577,-9.641070888,0
8.826992175,-4.470182635,0
7.654159136,4.63176677,0
8.696017828,-5.081685478,0
1.227440102,1.948645179,0
5.752103093,6.437272283,0
5.416878551,6.810086774,0
6.714009974,-7.650633316,0
8.461030335,3.609697497,0
9.249683882,-3.465442716,0
2.67203298,7.767024504,0
9.53563264,-0.606133011,0
4.165105173,7.474676355,0
9.551447934,-1.844327911,0
1.500800763,-4.034770696,0
9.053080744,2.20449213,0
3.109084118,-10.11930944,0
-5.318932896,4.577901754,0
1.163820339,-10.6990711,0
4.494234558,-9.461992457,0
1.107148541,1.947963817,0
9.275060402,-3.151486748,0
6.119029556,6.234968934,0
-5.26164129,-10.09371154,0
0.082208649,7.889911227,0
-2.640255086,-4.428551758,0
-5.688453335,3.608274538,0
7.848353142,-6.48804819,0
3.338380371,-0.529581157,0
-6.183157825,1.066760327,0
-1.035978914,7.687261871,0
-6.132771626,0.430951882,0
4.618143427,7.229196022,0
-6.212260355,1.030078646,0
6.749625628,5.706211233,0
6.944645238,5.42978535,0
-6.07831288,-0.789954927,0
8.74534295,2.774006328,0
7.077213106,5.381405807,0
-4.457489194,-10.34799685,0
0.825556554,-10.83198758,0
9.535158985,-0.683408325,0
0.764340865,-10.87726382,0
9.465502418,-2.072165565,0
-1.535912537,7.654000688,0
9.561085297,-1.192097792,0
9.578903639,-2.042026666,0
-4.172301605,-10.47610167,0
0.103687447,-10.91660445,0
-5.170238385,4.608277379,0
-6.270633186,1.626376385,0
1.913587128,-3.77992738,0
4.5926336,-9.387607038,0
-4.499605216,5.673099052,0
-5.687872652,3.660476491,0
0.855492798,-4.359291768,0
0.126453263,-4.665707162,0
2.071861326,1.560525792,0
-5.381867223,-2.081500872,0
8.430935891,-5.338146722,0
6.673656338,5.784377137,0
-3.724863838,-3.852725716,0
0.961330075,7.972884653,0
5.576304678,-8.803800608,0
0.523076572,7.90907554,0
3.420987333,-0.239128158,0
-3.771477635,-3.746105329,0
9.572860476,-0.058952037,0
6.517899093,-7.924430296,0
9.040968578,-4.374385167,0
9.597207646,-0.297745223,0
-1.630474738,-10.87162812,0
3.208528943,-0.070347835,0
-6.029507632,2.924961653,0
6.848505522,5.586153754,0
-3.425816177,-3.888426059,0
1.443870489,7.969566068,0
-4.208135093,5.892320871,0
-5.076862052,4.844686073,0
-4.961833276,-10.08616821,0
2.498218415,1.230096488,0
3.601433921,7.644633822,0
5.874429932,6.426266257,0
-2.299655571,-10.80984591,0
-6.032090027,2.48106848,0
0.531836715,-4.491047133,0
5.991794337,-8.444701951,0
9.598040159,-1.7778798,0
-4.922251286,-10.10911314,0
-1.100595868,7.744019851,0
9.444426811,-2.462844674,0
9.534258445,-0.835246447,0
-0.528660135,-10.9823782,0
-2.388247768,7.135943582,0
1.692970458,1.725912353,0
-6.097073576,2.043234576,0
2.977017898,-10.16761503,0
-0.41647367,-10.84896041,0
-3.104301721,-10.63322663,0
8.743758922,-4.80190663,0
-0.845376046,-4.649896395,0
7.73550141,-6.449019934,0
7.975656806,-6.321825752,0
7.765813505,-6.583537767,0
3.168227753,7.84986733,0
8.213844303,-6.072588324,0
6.763903089,5.824558571,0
2.96040886,-10.34878385,0
0.01556263,-10.93231879,0
-4.760221946,-10.34918854,0
-4.159995841,-10.57708344,0
-4.241236442,-10.43436875,0
4.16507207,-9.638051809,0
0.286765895,-4.467558286,0
-1.092974659,7.761893867,0
3.571923933,-9.962807156,0
-1.998568495,-4.623063696,0
-4.003926542,-3.635907342,0
-1.909848913,-4.530455993,0
9.401125374,-3.167225416,0
-2.432329295,7.032409615,0
9.245041589,1.243642828,0
9.125725783,-3.910424895,0
-5.830416649,3.383292152,0
7.626868301,-6.820727392,0
7.941127829,-6.14203012,0
3.848432975,7.536342675,0
3.319311915,-1.430305555,0
-5.577549516,-1.705318571,0
6.127025064,-8.330618977,0
7.601877072,-6.590561566,0
9.080088676,2.330927143,0
6.326807549,-8.224780106,0
8.359222009,3.606041902,0
3.345614952,-0.774333128,0
4.037858507,7.37219912,0
-4.186086689,-10.5003674,0
3.998670661,7.600022748,0
6.536284937,-7.949686198,0
7.833619509,-6.201678788,0
-1.096183965,-10.86874156,0
-1.840146499,-10.98178214,0
-3.852753305,6.130800657,0
-5.659313458,3.851309589,0
-5.109506777,-10.13543953,0
-3.189938446,-10.66269479,0
3.280935777,7.719492693,0
-0.366346372,-11.0111112,0
-0.827612059,7.788343827,0
9.029864337,2.211350696,0
4.615431933,7.207223944,0
-3.258044747,-4.061254393,0
-3.475256883,-10.58411402,0
5.186031213,7.012788287,0
8.973831302,2.121556544,0
1.686743196,-3.917321231,0
9.382233498,-2.535912672,0
7.283751135,-7.166796323,0
-4.962016225,-2.739904751,0
0.378557068,7.984276026,0
-4.962284081,-2.708059843,0
-1.264120187,7.686581881,0
7.449329653,-7.033248705,0
9.266818067,-3.642691083,0
-2.127174418,-10.86847074,0
-4.575283901,-3.171535244,0
-3.82084595,-3.825598467,0
-0.57888429,-10.84609069,0
-3.605660179,6.545641511,0
-4.256465594,5.766782576,0
3.856654141,-9.784218343,0
-1.468179417,7.537606182,0
-3.548638668,6.526581567,0
-5.461252003,-2.068966726,0
8.888243482,2.727063859,0
2.488223698,-10.45683913,0
-3.022261972,-10.64130957,0
-4.362144863,-3.28952909,0
6.35908918,6.079380875,0
-6.11900615,0.119830567,0
1.43935545,-10.70070678,0
-4.940045545,-10.20332845,0
-1.091030937,-10.88555838,0
7.557467635,-6.852693081,0
9.589753887,-1.967891998,0
-5.081614944,-2.39017731,0
-5.008978323,4.878914578,0
-2.478239635,-10.82750895,0
2.33447281,-10.52168119,0
6.503684287,5.99171443,0
-0.332170199,-11.01570998,0
9.236627223,-3.58151195,0
7.152306158,5.227523899,0
0.131637735,-4.613518301,0
9.18400215,1.743398916,0
6.206481476,-8.291705728,0
8.770101407,2.784157739,0
9.551464034,-1.531092748,0
-5.441412381,-1.89192942,0
-1.045901784,-4.650260931,0
-6.108552785,-0.031484392,0
-5.817761876,3.480088176,0
8.870712568,2.720200779,0
2.039476516,7.869665164,0
8.24514238,3.855751962,0
9.598889335,0.280139888,0
3.283612483,-0.110665113,0
3.148078459,-1.880049796,0
8.330963989,3.875432828,0
-4.341860221,-3.436706513,0
9.585972269,-0.361347993,0
-0.123860679,7.84509644,0
2.868663468,-10.27988517,0
8.044072458,-6.340814726,0
9.480953024,-1.32040172,0
1.94389336,-10.58777333,0
-1.232973462,-10.85429419,0
-5.868292262,-0.995324346,0
-4.907625065,-2.733468213,0
8.374996629,3.706541263,0
-2.333077664,7.178217501,0
-5.013000252,-2.605149163,0
1.295117397,-10.76720056,0
-3.30989501,6.54451751,0
-2.271461127,7.206708101,0
-1.99999618,-4.647012155,0
-6.166865966,2.060890599,0
8.974605598,-4.438722488,0
-5.845027583,-1.312937813,0
-6.02224348,-0.796092646,0
7.442338678,-6.868225652,0
-6.073760228,2.480102002,0
4.931441027,-9.256355884,0
4.782745294,-9.36548774,0
-4.568911723,5.521732949,0
-0.984645975,-10.86301036,0
2.678937081,7.794293631,0
1.107873357,-4.2172118,0
-0.979522674,-4.774940307,0
-1.259084832,-10.84714223,0
-5.847202619,3.084527132,0
-0.646530872,-10.91767554,0
-0.904170688,-10.95165636,0
7.810969925,-6.518925761,0
8.489619848,3.363979057,0
9.653202861,-0.316513266,0
-5.537492997,3.933962276,0
9.481020885,-0.742139233,0
-3.431227712,6.619026861,0
5.893522281,6.412334219,0
5.508667012,-8.9481032,0
1.156290683,8.048043228,0
-2.722446562,6.964095137,0
-0.682712268,-10.95997151,0
5.464284527,6.741980033,0
9.27653075,-3.420021512,0
7.673114869,4.722953909,0
2.483663425,7.945716319,0
-6.206794228,2.128617908,0
7.039539434,5.492423617,0
-5.438196503,-2.022301157,0
-3.414687684,6.622846,0
-5.547489257,-1.671557174,0
6.201940178,-8.339657907,0
3.354673365,-0.981776576,0
-2.102168929,-10.92635394,0
8.687499181,-4.652456881,0
8.998747151,2.500211373,0
3.278301901,10.83925841,1
3.127613886,10.91372498,1
5.433713738,10.30368161,1
-2.867853378,10.43549102,1
-0.474857396,-7.787054493,1
6.164311581,0.946590341,1
-6.735908061,7.694027609,1
5.996837745,-3.182448477,1
-8.061336894,5.929407711,1
-7.399438959,7.098146143,1
6.253487953,-2.485754947,1
-6.292584699,-5.759094321,1
-0.956057438,-7.768518752,1
-7.926602122,-3.824256185,1
-8.866726056,4.403226793,1
-4.946126954,9.351117196,1
-4.781337777,9.287220297,1
-8.900905958,-2.067769573,1
-4.830982475,9.524087253,1
4.717844617,10.55602963,1
-0.02388745,11.12447576,1
-8.308052714,-3.173131142,1
5.273664877,2.685086312,1
-3.011796619,-7.462584936,1
4.265679536,-5.662186293,1
-2.325121691,3.287571355,1
1.823540664,4.773049733,1
-0.961698533,-7.734048073,1
-9.418742533,0.259987864,1
4.218349786,3.760131395,1
-9.15594745,-0.706226783,1
4.266344097,-5.785321301,1
-1.907344679,3.85056008,1
-3.858866898,9.929382071,1
-2.74802742,2.738707334,1
2.898092577,4.540937455,1
-0.263089479,-1.67254792,1
-1.147722753,-1.591130348,1
-9.271185998,0.657091313,1
1.346801241,11.06481238,1
2.724965921,4.679573057,1
-2.506318661,-7.610364754,1
6.303676718,0.714823175,1
-6.74686844,7.860952141,1
3.306423364,-6.600900751,1
5.873673363,1.748172396,1
2.052509527,4.784502696,1
0.780747011,4.864766899,1
-2.040305745,10.62202597,1
6.341493791,-1.449941924,1
-9.191724899,2.282028189,1
-2.856308437,-0.099601859,1
0.712525637,4.845096581,1
-3.721012766,9.988674654,1
-9.321414578,1.480121912,1
-0.771957415,10.9817498,1
-7.56422249,-4.303630808,1
4.753200923,-5.40430126,1
-2.934966613,-7.559058395,1
-2.040950319,10.71923506,1
-4.416129197,9.70407897,1
-4.360583928,9.617968077,1
-9.317702911,0.694303265,1
-5.586671244,8.928206104,1
5.509327637,2.438580457,1
-8.466594702,-2.737230105,1
-4.843600586,-6.666338514,1
-7.85418791,-4.218327289,1
-9.119646843,-0.813614533,1
6.534961074,-0.526609026,1
-2.65052728,-0.756946709,1
-3.053105672,1.788139653,1
4.473321128,3.537410761,1
5.449907681,-4.407236551,1
-3.167350292,1.153431222,1
-7.172089129,7.134764556,1
5.953607594,-3.529704322,1
-2.6110722,10.55327559,1
5.193098289,-4.601562405,1
-3.137865638,0.292544892,1
0.803197246,-7.650577957,1
0.032656943,4.764524335,1
5.23523887,2.866161147,1
2.528985314,4.683594864,1
-4.615553269,9.484997629,1
0.178006046,4.893137913,1
-6.083178508,8.310970621,1
1.969164297,4.765082904,1
0.465699523,4.907713273,1
-0.391813887,10.98862098,1
1.616336577,11.18784174,1
-9.255833598,-0.320261791,1
-6.958355508,-5.191256143,1
-9.347019163,-0.311177627,1
-3.150725241,1.183137442,1
3.390074458,-6.397246689,1
6.460699856,-0.318732628,1
-1.887333705,10.70373948,1
-3.184827932,0.506516801,1
2.746165283,11.09370139,1
5.421287129,-4.367615773,1
-2.600532015,-0.80339139,1
-6.492080473,-5.666444714,1
-3.524799069,10.12934362,1
3.79988645,-6.235110029,1
-2.420066059,-7.594968847,1
-9.127653216,3.240152597,1
-9.363279007,1.137944991,1
-9.301137887,-0.032307628,1
-2.334184024,-7.740292715,1
-3.03563743,1.924871357,1
-1.567406774,4.061633458,1
5.843966743,-3.738396362,1
5.382548061,2.430730085,1
5.856088638,10.02516165,1
-6.833741766,-5.210171317,1
-5.625789675,8.849886308,1
-6.476527013,8.116915149,1
-0.568158,10.99657669,1
0.96593977,11.14871661,1
-0.168914112,-7.841621304,1
-2.55597432,10.52385842,1
-2.132719525,-1.075909928,1
-3.751698998,9.982637945,1
0.317395051,11.19877912,1
-1.453089402,-7.734858108,1
0.04750041,11.09717797,1
1.851582811,11.09794133,1
-5.899089422,-6.218414263,1
-7.447409505,-4.411271714,1
3.091516765,4.4911687,1
-8.884591304,-1.890978393,1
0.66247817,-7.676075337,1
0.588470657,-7.610794839,1
-9.271459805,-0.084749199,1
-6.34947129,-5.734449767,1
-2.024255172,10.64555498,1
-8.388775551,-2.970523106,1
-2.197978813,-7.623094018,1
-0.219918984,-7.720186268,1
-0.147182204,4.688258148,1
-2.854992894,2.549638445,1
-2.379187581,-7.680539613,1
0.624945033,4.940169034,1
-8.976629143,4.063536429,1
4.268212585,-5.884568758,1
-0.226723149,11.11692261,1
5.113393633,-4.851100626,1
4.292398926,-5.912000954,1
-4.026373606,-7.211398078,1
4.085213521,-6.109631117,1
4.673299115,10.56351913,1
6.20883961,1.053502202,1
-6.349786653,8.16344894,1
-0.713357423,-7.825055451,1
3.781805939,-6.21559054,1
6.357147253,-0.658743361,1
-6.254448832,8.057747706,1
1.952861225,11.0732591,1
6.39497145,-0.526718281,1
6.386759062,-1.114157532,1
3.956805174,4.08135206,1
-8.980586,-1.860156272,1
-9.151115612,-0.799239571,1
-8.625843411,5.066020984,1
-3.740867238,-7.316055235,1
-8.723367005,-2.317125741,1
-0.295458726,10.98253219,1
0.244283199,-7.82438677,1
-0.295318993,4.655681863,1
-9.239799083,-0.621186538,1
-4.951985195,9.244851467,1
-6.347668705,8.195256001,1
5.620292079,2.085044771,1
1.254802508,11.21521254,1
-6.589472215,-5.487393345,1
2.479981947,-7.070412635,1
4.309296229,-5.90504725,1
-0.938563204,10.85963762,1
-7.234586612,7.382161298,1
0.057118219,11.17568185,1
-9.344629573,2.441597714,1
1.409276317,-7.435816599,1
-4.151100775,9.901629506,1
6.150370049,0.899477351,1
4.948001683,3.085359977,1
-9.208148139,2.45419762,1
-9.40002061,1.760620514,1
-4.348330375,-7.090996154,1
-2.012171469,3.675258602,1
-3.281352169,1.036259379,1
5.514731812,-4.352648563,1
-8.894099136,4.137964207,1
-3.081997533,1.929283265,1
-8.535902835,5.288851762,1
-5.597543732,8.815238078,1
-3.460138316,-7.29781305,1
-1.568745109,4.092614077,1
1.297089299,11.13886376,1
-9.267611419,2.584679388,1
-1.608391581,-7.84167548,1
-9.336074415,0.647229077,1
0.710017694,11.0428081,1
2.276303957,4.711272595,1
-7.746388469,6.378566934,1
0.881629938,-7.538599162,1
-4.952940225,9.348493606,1
0.556347857,4.846559283,1
4.226141613,10.64649122,1
-2.743686084,2.748015771,1
2.853879256,4.558814797,1
-5.126529173,9.14234229,1
5.588690408,-4.020968691,1
-9.346416455,2.582898219,1
4.931629909,3.169276994,1
-9.27658657,0.954572696,1
3.626181416,10.77925961,1
-6.383878703,-5.69032737,1
-4.60029019,-6.86661757,1
-1.819193618,3.95459634,1
-1.520867075,10.86845415,1
-9.301415336,0.818492272,1
4.152766991,10.68720964,1
4.194573424,10.73281281,1
-6.421799711,-5.569080988,1
-2.554283174,3.10354522,1
-7.367667956,-4.679706883,1
4.170058395,10.82541381,1
3.19692763,-6.692946768,1
-7.350040969,-4.567012134,1
-3.015915917,1.836609448,1
-4.272699977,9.823527507,1
2.847170044,4.631376905,1
3.346328453,-6.443560806,1
4.469066626,-5.751183267,1
-7.679168564,6.601633304,1
-5.349402103,9.050044661,1
-8.500432341,4.99668075,1
-9.411519077,1.791046435,1
-8.715782771,-2.289465549,1
-1.154236884,10.92389615,1
-3.897129782,9.871572755,1
-9.39036105,0.674339084,1
-7.914569007,6.188441115,1
-4.200157962,-7.11804728,1
-1.614737253,-7.729497121,1
3.158508794,-6.707779787,1
3.749001362,-6.319349176,1
-6.325464343,8.19359037,1
-0.292068074,10.96156623,1
-6.612230799,-5.521002087,1
-0.369400218,-1.705140408,1
-8.886613982,3.855377618,1
-9.013289068,-1.493992375,1
6.425969349,0.323964212,1
-8.397130595,-3.13073141,1
-5.611903654,8.806908078,1
6.372504761,-2.053800535,1
1.709193972,4.802169576,1
0.785263091,11.19919961,1
-1.69392023,-7.762127433,1
-6.278679156,-5.868037821,1
-9.154065524,2.856026721,1
-3.102379287,2.257519949,1
5.513936999,-4.451859749,1
-0.871184405,4.365406063,1
-9.225412159,-1.121619947,1
-5.242494479,-6.520899513,1
-7.185560136,7.205743452,1
-8.544884707,5.00373871,1
-6.6538715,-5.48019165,1
-1.479007428,4.063682407,1
3.945571014,10.71891861,1
-2.724554161,-0.640877754,1
-7.35771698,7.155075192,1
3.378516899,10.92429411,1
6.408303062,-1.932932124,1
-0.155899147,-7.736502821,1
4.711154182,10.46091428,1
1.803000381,11.17570518,1
-1.304798826,4.183913834,1
3.508228204,4.224549497,1
6.040657502,1.575904357,1
-2.532185995,3.11400186,1
-5.864264364,-6.021748589,1
-6.765153297,-5.393216946,1
-1.396616393,10.9192803,1
-6.466740219,8.036294458,1
5.874250613,10.07662723,1
-2.395393718,-0.94081893,1
1.529895601,-7.532138015,1
3.813877169,4.009979974,1
-9.401540512,1.918076084,1
-9.189006479,3.403879336,1
1.595596283,4.794853042,1
4.653786169,3.463787053,1
0.098437762,11.16515918,1
-9.157721413,-1.055609291,1
-8.480563604,-2.80584569,1
-8.786413819,4.282273392,1
-6.684050818,7.897133848,1
-0.825540234,10.93048874,1
-4.289454783,-7.131861578,1
-1.169755793,10.8376894,1
-9.320234052,0.001123534,1
2.323394721,4.732812601,1
6.320177827,0.753611783,1
-7.839817493,6.211819367,1
-3.2720911,10.22816425,1
4.866963245,3.391888607,1
-8.208174564,5.654094732,1
0.693423689,11.05509575,1
-6.833722717,7.786048482,1
1.263505669,11.08442018,1
-5.477668637,-6.361443242,1
-5.662658263,-6.179172059,1
6.204506637,1.199090587,1
-0.08601662,4.848126495,1
-2.348487744,-1.001118725,1
-9.094846658,-0.84277435,1
-1.744907648,-7.679880185,1
3.541894253,-6.451979883,1
-1.106790524,10.94767622,1
5.646502655,-4.140410404,1
-8.945963337,-2.071147763,1
4.459662358,-5.530317231,1
-4.167271671,9.891253532,1
-5.89137358,-6.096504099,1
-9.123890189,3.147772859,1
-6.822447647,7.508251091,1
1.389290043,11.06033171,1
0.274242738,-7.787935489,1
-8.464252482,5.016743635,1
6.465459637,-0.38574431,1
-1.235227514,-7.864094686,1
-9.222529135,-0.886664535,1
-4.430842241,-7.116139593,1
-9.340331434,1.478067728,1
-2.677176815,-7.670117552,1
-6.273548474,8.135851994,1
4.821654392,10.40865412,1
-6.698077346,-5.351949615,1
-0.948303403,4.535353056,1
-0.867569828,-7.778942398,1
-9.032138302,3.555156994,1
-8.869056116,3.777780834,1
-6.989652449,7.497222106,1
6.0878622,1.207859717,1
-8.505452545,-2.912119182,1
5.36558263,-4.609873653,1
-5.726289926,8.759868778,1
-1.680967841,4.033519109,1
-8.183569532,-3.661060563,1
-8.240574274,-3.393398348,1
-3.127369903,10.25099054,1
4.91223355,10.39880311,1
-9.272904459,-0.517137976,1
-3.062644543,0.179991187,1
-2.668746722,2.944597612,1
6.279567148,0.690946643,1
-8.927526367,-1.997075515,1
-2.686994808,2.857488059,1
-2.709855314,-0.601600983,1
-9.331607548,0.075473855,1
-8.813660593,4.325416809,1
-4.564349241,-6.921764905,1
1.051081077,-7.525413553,1
-9.014497823,-1.235056076,1
-3.375437618,-7.391166117,1
4.018002449,10.77960043,1
0.733461005,4.913658093,1
-6.961538235,-5.196499977,1
-8.38118167,-3.139904439,1
-6.613572165,-5.404652565,1
4.625217829,3.517644957,1
3.350245204,10.97081072,1
6.383786137,-1.573778501,1
-2.54662801,-7.710744926,1
-0.202797182,11.0239299,1
-7.881662391,-4.024786457,1
1.63288584,4.867242773,1
4.559970798,10.51439497,1
-8.802885105,4.420684184,1
-7.73367455,6.446076974,1
-2.024456141,3.824261287,1
5.701549639,1.915985406,1
4.141998178,-5.874917557,1
-2.894343714,10.44912867,1
-0.313214499,-7.726195721,1
-2.96203265,2.101089921,1
4.414115961,10.66696676,1
-1.462540005,-1.507749064,1
6.230378038,-2.370979546,1
3.23692744,-6.575030804,1
3.177054456,11.04376301,1
-3.131063344,0.55402015,1
-9.262589517,-0.891900504,1
-5.047286191,-6.701030346,1
-4.100080419,-7.131610435,1
3.2660713,10.95499488,1
6.392622992,-0.019028832,1
2.525615063,11.13339547,1
-2.903774094,-7.446387369,1
4.837998627,-5.210424259,1
-7.581135791,-4.494813464,1
-7.228589329,-4.856012103,1
6.123917751,-2.959700767,1
-3.140033742,0.759824102,1
-7.160384645,-4.90727023,1
-3.936148007,9.894936267,1
3.375694651,-6.562928689,1
-8.904637347,-1.766964487,1
-3.279249448,10.27541392,1
5.615393015,10.15958396,1
-8.449494826,-2.888196761,1
5.352406956,2.720141854,1
6.155027154,0.772877754,1
2.298519388,4.743096456,1
4.006505922,10.76413605,1
-0.023758669,4.714204478,1
-8.267416956,-3.469095419,1
-0.937013143,11.00564254,1
-7.920162954,-3.814758093,1
-8.893890567,-2.14083589,1
-1.048538155,11.02157775,1
-2.225757684,-7.795826158,1
3.808896017,-6.10774264,1
-9.289334545,1.98047971,1
-8.368402199,5.370324673,1
5.682297227,-4.258713806,1
-1.568237202,-7.790310576,1
5.978180359,1.298787022,1
-8.137915331,-3.492617637,1
-8.251952713,5.406742752,1
-9.339598937,1.505933391,1
-3.132574118,0.143021716,1
-7.337385576,-4.834847063,1
6.48442713,-1.359825034,1
-8.699536032,-2.538323245,1
3.906303199,4.131700084,1
-7.186097255,7.245253457,1
2.768299971,-6.777410104,1
6.524975882,-0.982494586,1
0.924509569,11.16625535,1
-6.945458932,-5.329034008,1
0.452427775,4.928207989,1
6.360835329,-1.038734537,1
6.249530528,-2.232471963,1
5.463292925,-4.148025379,1
3.042774617,-6.69225162,1
4.742236793,3.314176246,1
1.417557477,11.09533528,1
6.459241378,-0.780322093,1
-0.971008308,11.02205398,1
-0.011748298,-1.630178011,1
-3.929101482,9.870007499,1
-6.269692311,8.222091485,1
5.92778755,1.393313232,1
-4.561022465,9.560164272,1
-8.538215316,-2.682204919,1
-2.826263657,10.4140378,1
0.330507925,4.848496692,1
5.741583734,-3.905844682,1
-1.502981758,-7.89023499,1
3.287059985,4.356268588,1
-9.390770857,0.507173934,1
-4.059243212,9.96203102,1
-5.290829088,-6.510895967,1
1.131468396,-7.552817981,1
-3.265577494,10.26508929,1
1.131886728,-7.562205762,1
-7.718090536,6.53284911,1
-2.363929693,-7.736556559,1
5.299949148,2.772732033,1
-7.844406845,6.272132209,1
-3.894802478,-7.32128787,1
-2.292537219,3.433701037,1
-3.049806832,10.31314329,1
-5.023339989,-6.748968043,1
-8.826089878,-1.850463601,1
3.999507676,-6.010582578,1
-8.249889998,5.42186144,1
-1.776228882,10.73987938,1
-4.062536449,-7.072075925,1
5.92135994,1.875511626,1
-2.858389017,10.43862464,1
-9.198176495,-0.336245928,1
4.494338135,10.70451485,1
6.112633828,1.226594013,1
-7.192949624,7.250661963,1
-8.420882184,-2.847930684,1
2.202731812,-7.149984518,1
1.803205043,4.869454227,1
-7.87975944,-3.923348224,1
6.158838361,-3.042806821,1
-3.06429849,1.977352026,1
1.407238037,4.8581982,1
-9.23278168,-0.000762786,1
2.17573549,11.13383319,1
1.450413022,4.884813364,1
-2.381734308,-7.763804386,1
-6.082497467,8.475075617,1
-0.032448489,-7.830846761,1
5.358105399,2.480238679,1
6.239318602,0.817319958,1
-4.984725868,-6.784649767,1
5.890423964,10.01545076,1
-2.760911612,2.765501825,1
5.095484808,10.4989805,1
-0.798367451,4.50983802,1
3.808999011,10.9015764,1
-5.589026506,8.810649774,1
-2.320708724,10.53785771,1
3.499079856,10.82228255,1
5.431701916,-4.495760682,1
2.443258779,-7.071077509,1
3.867402596,10.83597693,1
-2.244634167,-7.727800582,1
-9.439428024,1.743900542,1
-2.132085712,3.578415298,1
5.919307686,1.780971789,1
-5.907504304,8.546396678,1
-2.049432845,3.84128599,1
-9.410269512,1.304454411,1
-1.895795983,-1.346628042,1
-7.319955063,7.137686257,1
6.183179654,0.66581974,1
-3.02449601,10.34076568,1
-3.21398592,-7.472179487,1
-5.232258214,-6.537559706,1
3.310631416,-6.58115793,1
2.310796389,-7.19030545,1
-3.394782753,-7.401669636,1
4.101957167,10.76386546,1
-1.78937454,10.81797439,1
-0.107306509,11.12407522,1
6.451629251,-1.830914687,1
-2.796994503,10.44376683,1
5.997206659,-2.988395367,1
-8.708992873,-2.591399644,1
2.355521961,4.643903122,1
-4.805992327,9.413461334,1
-0.124043768,-7.861435886,1
-9.306984699,-0.497381101,1
-8.073779139,6.05587173,1
-8.805159244,4.286186867,1
4.144870946,3.863905567,1
-7.358708706,-4.648335898,1
5.151034588,-4.790509239,1
-6.525788263,-5.494496571,1
-4.666334484,9.545210914,1
5.982575671,-3.468652008,1
-3.630668701,10.03163548,1
-2.691669307,10.52789636,1
1.888954918,11.05978692,1
6.485850755,-1.105971569,1
1.842894264,11.02326895,1
5.154690265,2.877698146,1
-6.314415251,-5.764411142,1
-8.583885814,5.175672399,1
-6.623228822,7.824306382,1
4.384646102,3.686019929,1
6.391309498,0.33425901,1
-7.695584824,-4.356272439,1
0.476245646,4.883255374,1
-0.867929291,-7.857476676,1
-7.023726242,7.232950626,1
4.785059328,-5.190576984,1
-3.276104882,1.149985,1
2.286789522,4.78744272,1
-4.331563204,-7.148203392,1
5.234930199,10.27186897,1
5.995471853,-3.307052473,1
3.112918011,-6.601015788,1
-8.970328082,-1.858910335,1
-0.15528375,10.99207175,1
0.964617997,4.850295108,1
4.733764754,-5.224756009,1
-8.894451462,3.823731818,1
-8.77058023,-2.250022224,1
-0.515809033,-7.892614034,1
0.143510816,11.0209059,1
6.551653332,-1.101656358,1
2.357118601,11.04171412,1
-1.318321649,4.167910371,1
1.715257716,11.08384731,1
-8.933589542,-2.059616461,1
4.436254088,10.74642758,1
1.33191539,11.08685378,1
-2.659292105,-7.634321023,1
-4.355706288,9.673706544,1
6.088504288,1.329547204,1
6.382012071,0.632246449,1
4.29396196,3.773676989,1
-6.982780013,7.368715276,1
-8.888004665,3.939559169,1
-5.703064607,-6.287307192,1
-8.951986623,-1.407182209,1
1.167689552,4.917934364,1
5.680134382,-4.194347977,1
3.287360312,10.84822319,1
-6.751850186,7.78538967,1
6.141839934,0.778911288,1
-9.412051169,1.614926832,1
-1.837407466,3.869307187,1
-9.121976059,-1.161762521,1
4.014478459,10.84575715,1
-9.31104269,0.704099736,1
2.099968608,4.716413718,1
-1.681537366,-7.697073201,1
6.43746033,-0.211353179,1
5.285382585,2.78193146,1
-9.199559067,-0.313245248,1
0.497312292,11.0739089,1
-9.056947051,3.278187163,1
-9.336344988,0.261728146,1
-3.258272625,1.477497738,1
-8.827050418,-2.25939383,1
0.58276348,4.979329971,1
-9.301057745,0.287395753,1
-4.058470464,-7.204965556,1
-9.126251115,3.210312719,1
-2.823710469,2.557417375,1
-6.188907409,8.172022128,1
-6.65448182,-5.426833198,1
-6.070271996,8.366065063,1
-2.530753616,10.41334376,1
4.210859787,10.58187298,1
5.61199159,2.072020942,1
-2.046782141,3.770346534,1
-8.630014819,-2.57988458,1
5.310364185,10.33937909,1
-6.208347461,-5.819147908,1
3.08532746,10.99936165,1
-8.956516461,4.094621691,1
-2.90824717,2.289830623,1
-9.283313285,2.561833725,1
5.87112598,-3.410647267,1
-2.490637637,3.094715577,1
2.4604975,11.1353933,1
4.441399253,3.788925834,1
-9.230483489,-0.307329422,1
-2.508266085,-7.71115769,1
-9.152989147,-1.061259204,1
6.130916765,-2.559121856,1
-8.350856432,-3.396282134,1
-3.768697379,9.997100922,1
-9.338835547,0.267410971,1
-1.870598935,-7.836338867,1
-0.598262178,4.685223812,1
5.558274238,2.160061556,1
5.696059056,-3.785533263,1
5.984293898,1.249286013,1
-8.466191082,-2.93664246,1
-2.180466879,-7.701487389,1
2.249099706,-7.165442461,1
-2.11368366,10.76278982,1
6.388199147,-0.504986733,1
4.336888728,10.72067797,1
-8.471642124,-2.682878132,1
1.020188113,-7.541780212,1
-8.958802659,4.217956632,1
-0.996918361,10.85537361,1
-4.301314088,-7.073524458,1
-1.097374142,-7.722038396,1
-8.879247176,-1.730882212,1
-9.326856159,0.519188043,1
-9.022796017,-1.380660704,1
3.603969048,10.81813459,1
6.340488244,-1.62693513,1
-7.379902731,6.930201002,1
-8.587249693,-2.788018215,1
-2.312252531,10.60532352,1
-7.826354952,-3.939398769,1
1.881264089,-7.361266044,1
2.063207644,4.857460091,1
6.337783124,-0.056047281,1
3.95332422,4.052281103,1
-9.158877708,-0.957626353,1
-0.261159915,11.0325117,1
-8.22243172,-3.576550066,1
-7.054730354,-4.975523763,1
-9.059265712,3.720819952,1
5.872642758,1.755810885,1
4.957049304,-5.130431323,1
-9.149724221,3.005764705,1
-6.911386711,-5.061669036,1
5.636103262,2.183450045,1
-9.305287894,2.803097576,1
-3.022955249,-7.437988843,1
5.409401443,2.687955959,1
